상품명,가격
"    축협 특란 60구, 3600g, 1개","11,960원"
"    곰곰 반숙란 (냉장), 50g, 20구","7,960원"
"    곰곰 무항생제 신선한 대란 30구, 1개","5,780원"
"    곰곰 무항생제 신선한 특란 30구, 1개","5,630원"
"    가농 금계란 매일 만나는 1+등급 특란 15구, 900g, 1개","6,500원"
"    감동란 반숙계란 15구, 750g, 1개","9,000원"
"    곰곰 무항생제 신선한 왕란 15구, 1개","3,880원"
"    수원축협 무항생제 인증 대란 30구, 1560g, 1개","5,880원"
"    자연애찬 자연愛란 특란 30구, 1800g, 1개","5,730원"
"    수원축협 왕란 15구, 1020g, 1개","3,980원"
"    곰곰 맥반석 구운란 30구, 1050g, 1개","9,600원"
"    곰곰 무항생제 1등급 신선한 특란 15구, 1개","5,990원"
"    마이산 맥반석 구운란 30구, 900g, 1개","9,700원"
"    수원축협 무항생제 특란 30구, 1800g, 1개","6,990원"
"    누리웰 깐메추리알, 1kg, 1개","6,990원"
"    누리웰 동물복지 백색유정란 20구, 1040g, 1개","8,770원"
"    상하농원 동물복지 순백색 유정란 10구, 520g, 1개","6,500원"
"    누리웰 깐메추리알, 500g, 1개","4,880원"
"    곰곰 동물복지 유정란 20구, 1040g, 1개","6,670원"
"    아빠가 만든 구운계란 60구, 2kg, 1개","16,400원"
"    자연애찬 반숙이 반숙계란 20구, 1000g, 1개","9,750원"
"    수원축협 구이란, 35g, 60개입","15,000원"
"    1등급 계란으로 만든 구운란 20구, 800g, 1개","8,400원"
"    풀무원 무항생제 1등급 계란 15구, 780g, 1개","6,890원"
"    자연애찬 1등급 특란 20구, 1040g, 1개","5,700원"
"    맛군 촉촉쫄깃 구운계란(구운란) 훈제란 30알 60알 90알, 01. 촉촉쫄깃 구운란 30알, 1박스","8,900원"
"    가농 금계란 비타민E 함유 1+등급 특란 15구, 900g, 1개","4,470원"
"    가농 금계란 비타민E 함유 1+등급 특란 30구, 1,800g, 1개","8,400원"
"    올계 유기농인증 자연방사 유정란, 300g이상, 1개","4,590원"
"    동물복지 인증 자연은 닮은 계란 30구, 1350g, 1개","10,990원"
"    가농금계란 갓 낳은 신선한 1+등급 초란 중란 15구, 660g, 1개","6,900원"
"    상하농원 순백색 동물복지 유정란 15구, 780g, 1개","9,180원"
"    동물복지 인증 새싹보리 유정란 15구, 675g, 1개","6,990원"
"    풍요한 아침 반숙계란 20구, 1040g, 1개","8,960원"
"    상하농원 노른자가 진하고 맛있는 영양란 15구, 780g, 1개","5,820원"
"    누리웰 유정란 깐메추리알, 500g, 1개","5,330원"
"    참나무촌 무염훈제계란, 30개입, 1.2kg(한판)","6,900원"
"    자연애찬 1등급 등급란 20구, 1040g, 1개","4,770원"
"    누리웰 생생 메추리알 56구, 504g, 1개","4,900원"
"    자연애찬 정직한 훈제란 30구, 1200g, 1개","11,940원"
"    CJ프레시웨이 무항생제 더안심 건강란 15구, 780g, 1팩","6,990원"
"    무항생제 인증 햇살계란 친환경 특란 20구, 1200g, 1개","6,490원"
"    자연담다 구운계란 (Haccp인증 무항생제 대란 60구2.7kg 120구 5.4kg), 45g, 60구","13,900원"
"    [시선] 무항생제 구운계란 1세트, 60개, 35g","12,800원"
"    계림농장 무항생제 반숙란 30구 1판, 1세트","11,900원"
"    누리웰 반란이 반숙계란 15구, 750g, 1개","7,400원"
"    가농 금계란 DHA 오메가3 15구, 900g, 1개","6,750원"
"    누리웰 무항생제 유정란 15구, 780g, 1개","6,980원"
"    가농 금계란 1+등급 특란(당일산란 당일발송), 40개, 60g","12,800원"
"    [ 계란사랑 ] 맥반석 구운계란 구운란 60구, 2100","13,900원"
"    [에그웰] 구운계란 구운란 30구(1판), 1구, 45g","5,400원"
"    화산석 구운란 60구, 2640g, 1개","15,800원"
"    오복유통 HACCP인증 구운계란 2판60구 무료배송, 60구, 2판","13,700원"
"    제주 화산석 구운 유정란 30구, 1320g, 1개","15,900원"
"    가농 매일 만나는 1+등급 가농금계란 특란 20구, 1200g, 1개","9,500원"
"    비빔반숙란 15구, 675g, 1개","6,990원"
"    쫀득하고 맛있고 탱탱한 구운란 15구, 675g, 1개","6,990원"
"    풍요한아침 반숙란 10구, 520g, 1개","5,800원"
"    쫀득하고 맛있고 탱탱한 동물복지 구운란 20구, 900g, 1개","9,490원"
"    오뚜기 1등급란 15구, 780g, 1개","5,990원"
