가격,상품명
"100G당 1,690원",척아이롤(목심+등심)(호주산쇠고기)_100 g
"100G당 1,890원",부채살(호주산쇠고기)_100 g
"100G당 3,990원",안심(호주산쇠고기)_100 g
"100G당 1,983.3원",냉동_돼지돌돌말이삼겹살(국내산)_600 g(팩)
100G당 285.7원,오뚜기_옛날사골곰탕_350G
100G당 457.5원,온가족닭볶음탕용_1.2 kg(팩)
10G당 119원,다향_훈제오리기획팩_1kg(500g*2)
"100G당 4,890원",꽃갈비살(미국산쇠고기)_100 g
100G당 524.5원,목우촌_냉동닭다리살(정육)_2KG(봉)
100G당 599원,친환경황금닭볶음탕용_1kg(팩)
"100G당 1,490원",양념소불고기_1kg(N)
"100G당 1,330원",대상_종가집_유정란_깐메추리알_300G
100G당 561.8원,닭볶음탕용(기획팩)_800 g*2입
"100G당 1,248.7원",냉동_옛날복고_돼지삼겹살(오스트리아산)_800 g(팩)
"100G당 2,998.3원",안창살구이용(호주산쇠고기)_600g
10G당 133.1원,주원산_훈제오리_600 g (팩)
100G당 873.7원,오리슬라이스_800 g
100G당 798원,닭근위_500 g(팩)
"100G당 1,061.2원",날개반다리반 닭볶음탕용_800 g(팩)
"100G당 1,553.3원",돼지다짐용(뒷다리)큐브팩_450 g(팩)
100G당 998.7원,닭안심 800 g (400 g*2)
100G당 998.7원,닭가슴살 800 g (400 g*2)
10G당 174.7원,주원산_싸먹는오리슬라이스_400 g (팩)
"100G당 1,886.6원",돼지카레용(등심)큐브팩_450 g(팩)
1개당 449.5원,후라이드 청춘윙봉(20입)_팩
"100G당 1,123.7원",닭다리 800 g (400 g*2)
100G당 903.8원,백숙용토종닭_1050 g이상(마리)
"100G당 2,998.3원",토시살구이용(호주산쇠고기/팩)_600 g
"100G당 1,553.3원",돼지찌개용(뒷다리)큐브팩_450 g(팩)
"100G당 1,123.7원",닭날개 콤보팩_800g (400g*2)
"100G당 1,165원",진짜통등심왕돈까스_600g
"100G당 1,700원",우삼겹_양념양지구이_700g
"100G당 1,165원",갈릭돈까스_600g
"100G당 1,398원",뼈있는닭갈비500g(팩)
"100G당 1,491.6원",홈플러스시그니처_자이언트바비큐폭립(오리지널)_1.2kg
"100G당 1,737.5원",토시살_양념구이_800g
1개당 499원,신선_촉촉한_반숙란_10입A
"100G당 1,487.5원",부채살_양념구이_800g
10G당 124.7원,정다운_통다리살_스테이크_400g
"100G당 1,665원",하림_뼈&껍질없는찜닭_600g(팩)
"100G당 2,821.7원",냉동_LA식꽃갈비(호주산쇠고기)_2.3 kg(팩)
"100G당 2,169.5원",냉동_찜갈비(호주산쇠고기)_2.3 kg(팩)
10G당 116.5원,팜덕_밥앤덕오리_600g
"100G당 2,169.5원",냉동_찜갈비(미국산쇠고기)_2.3 Kg(팩)
"100G당 2,821.7원",냉동_LA식꽃갈비(미국산쇠고기)_2.3 Kg(팩)
100G당 899원,냉동_다용도다짐용(뒷다리)_1 kg(봉)
1개당 159.6원,1등급_대란_30구
100G당 998.7원,닭다리살 800 g (400 g*2)
1개당 333원,동물복지유정란_30구
1개당 266원,8시간_가마에서_구운달걀_30구A
100G당 561.8원,백숙용통오리_1.6  kg(마리)
100G당 499.5원,두마리생닭_2 kg(1 kg*2)
100G당 475.2원,친환경황금닭_1050 g(마리)
100G당 528.2원,친환경황금닭_850 g(마리)
"100G당 1,831.6원",돼지항정살(캐나다산)_600 g(팩)
100G당 720원,백두한돈_돼지뒷다리_100 g
"100G당 1,280원",백두한돈_돼지앞다리_100 g
"100G당 1,280원",선진포크_돼지앞다리_100 g
"100G당 1,280원",백두한돈_돼지갈비_100 g
100G당 800원,선진포크_돼지뒷다리_100 g
"100G당 1,690원",척아이롤(목심+등심)(호주산쇠고기)_100 g
"100G당 1,990원",돼지일품포크삼겹살_100 g
"100G당 1,990원",돼지목심_100 g
1개당 199.6원,신선특란30입
"100G당 1,990원",부채살(미국산쇠고기)_100 g
"100G당 1,890원",부채살(호주산쇠고기)_100 g
100G당 720원,백두한돈_돼지뒷다리_100 g
1개당 159.6원,1등급_대란_30구
"100G당 1,990원",프라임척아이롤(목심+등심)(미국산쇠고기)_100 g
"100G당 7,000원",농협안심한우_등심(1등급)_100 g
"100G당 1,280원",백두한돈_돼지앞다리_100 g
100G당 457.5원,온가족닭볶음탕용_1.2 kg(팩)
"100G당 2,290원",홍두깨살장조림용(호주산쇠고기)_100 g
"100G당 3,290원",살치살(미국산쇠고기)_100 g
"100G당 3,990원",안심(호주산쇠고기)_100 g
"100G당 2,690원",백두한돈_돼지삼겹살_100 g
10G당 119원,다향_훈제오리기획팩_1kg(500g*2)
1개당 399.3원,씨제이_순맑은계란_15입
"100G당 1,983.3원",냉동_돼지돌돌말이삼겹살(국내산)_600 g(팩)
1개당 532.6원,풀무원_동물복지목초란_15구(대란)
100G당 998.7원,닭다리살 800 g (400 g*2)
"100G당 5,600원",농협안심한우_양지(1등급)_100 g
100G당 250원,CJ_비비고사골곰탕_500G
"100G당 1,280원",선진포크_돼지앞다리_100 g
"100G당 4,890원",꽃갈비살(미국산쇠고기)_100 g
100G당 285.7원,오뚜기_옛날사골곰탕_350G
"100G당 1,280원",백두한돈_돼지갈비_100 g
10G당 119원,정다운_훈제오리기획팩_1kg(500gX2)
"100G당 2,890원",선진포크_돼지삼겹살_100 g
"100G당 10,500원",농협안심한우_안심(1등급)_100 g
"100G당 8,960원",농협안심한우_채끝(1등급)_100 g
"100G당 6,660원",농협안심한우_세절국거리용(앞다리혼합)_150 g(팩)
1개당 333원,동물복지유정란_30구
"100G당 2,490원",백두한돈_돼지목심_100 g
"100G당 2,390원",백두한돈_돼지등갈비_100 g
100G당 599원,두마리_생닭_500 g*2입
1개당 399.3원,오뚜기_1등급란_15구(풍림)_..
100G당 524.5원,목우촌_냉동닭다리살(정육)_2KG(봉)
1개당 259.3원,1등급대란15입
100G당 599원,친환경황금닭볶음탕용_1kg(팩)
"100G당 1,490원",백두한돈_돼지안심_100 g
"100G당 1,490원",양념소불고기_1kg(N)
100G당 800원,선진포크_돼지뒷다리_100 g
"100G당 1,996.6원",무항생제_돼지카레용(등심)_300 g(팩)
"100G당 1,330원",대상_종가집_유정란_깐메추리알_300G
100G당 872원,마포식_양념목심구이_1kg
"100G당 5,500원",농협안심한우_설도(1등급)_100 g
100G당 952원,돈육고추장불고기_1kg
100G당 561.8원,닭볶음탕용(기획팩)_800 g*2입
"100G당 1,192원",진짜!한돈양념돼지LA갈비_1kg
100G당 475.2원,친환경황금닭_1050 g(마리)
"100G당 2,190원",앞다리불고기(호주산쇠고기/팩)_1 Kg
"100G당 1,904원",홈플러스시그니처_자이언트한판불고기_500g
1개당 266원,8시간_가마에서_구운달걀_30구A
"100G당 1,490원",언양식석쇠불고기_1KG
"100G당 3,330원",샤브샤브(호주산쇠고기)_300 g
"100G당 1,996.6원",돼지다짐용(뒷다리)_300 g(팩)
"100G당 1,081.6원",무항생제 돼지불고기용(뒷다리)_600 g(팩)
1개당 699원,풀무원_자연란_10입
1개당 299.3원,신선왕란15입
